iter	Passed	Remaining
0	1	825
1	4	1037
2	6	1089
3	7	955
4	9	898
5	9	808
6	12	877
7	13	834
8	14	814
9	16	798
10	17	711	11	18	712	12	19	713	22	770
14	23	756
15	24	750
16	25	726
17	26	713
18	27	704
19	29	701
20	31	708
21	32	699
22	32	683
23	34	676
24	35	679
25	36	667
26	37	654
27	38	652
28	39	642
29	41	647
30	42	645
31	43	635
32	44	630
33	45	620
34	45	610
35	46	600
36	47	589
37	47	580
38	48	575
39	49	567
40	50	559
41	51	558
42	52	554
43	53	553
44	54	548
45	55	543
46	55	536
47	56	531
48	57	524
49	57	518
50	58	511
51	59	509
52	59	504
53	60	501
54	61	496
55	61	491
56	62	489
57	63	484
58	64	481
59	65	479
60	66	480
61	67	476
62	68	473
63	69	470
64	69	467
65	71	468
66	71	464
67	72	459
68	73	458
69	74	454
70	74	452
71	75	450
72	76	448
73	77	444
74	77	441
75	78	438
76	79	437
77	80	434
78	80	431
79	81	428
80	82	425
81	83	424
82	83	421
83	84	419
84	85	416
85	85	413
86	86	412
87	87	409
88	88	406
89	88	404
90	89	402
91	90	399
92	90	396
93	92	398
94	93	398
95	94	396
96	94	394
97	95	392
98	96	389
99	96	387
100	97	385
101	98	383
102	98	381
103	99	378
104	99	376
105	100	374
106	101	372
107	102	370
108	102	368
109	103	366
110	104	364
111	104	362
112	105	360
113	106	359
114	106	356
115	107	355
116	108	355
117	109	353
118	109	351
119	110	350
120	111	348
121	111	346
122	112	345
123	113	343
124	113	341
125	114	340
126	115	338
127	116	337
128	116	336
129	117	334
130	1131	118131	1132	118132	1133	121	330
134	122	330
135	122	328
136	123	327
137	124	325
138	124	324
139	125	323
140	126	322
141	127	320
142	127	319
143	128	317
144	129	316
145	129	314
146	130	313
147	131147	1148	132	312
149	133149	1150	135	312
151	135	310
152	136	309
153	137	308
154	137	307
155	139	308
156	141	308
157	142	307
158	142	306
159	143	305
160	145	305
161	146	305
162	147	305
163	149	305
164	149	304
165	150	303
166	151	301
167	152	300
168	152	299
169	153	297
170	154	296
171	155	296
172	156	295
173	157	294
174	158	293
175	158	292
176	159	290
177	160	289
178	161	288
179	161	287
180	163	287
181	163	286
182	164	285
183	166	285
184	167	285
185	168	284
186	169	283
187	170	283
188	171	281
189	171	280
190	173	280
191	173	278
192	174	277
193	175	276
194	177	277
195	177	276
196	178	274
197	179	273
198	181	274
199	181	272
200	182	271
201	183	270
202	183	268
203	184	268
204	185	266
205	185	265
206	186	264
207	188	264
208	189	263
209	190	262
210	191	262
211	192	261
212	193	260
213	193	258
214	194	258
215	195	256
216	196	255
217	196	254
218	197	253
219	198	252
220	199	251
221	200	250
222	201	250
223	202	249
224	203	248
225	203	247
226	204	246
227	205	244
228	206	244
229	207	243
230	207	242
231	208	240
232	209	239
233	210	239
234	211	238
235	212	237
236	213	237
237	214	236
238	215	235
239	216	234
240	217	233
241	217	232
242	218	230
243	219	229
244	219	228
245	220	227
246	221	226
247	222	225
248	223	224
249	223	223
250	224	222
251	225	221
252	226	220
253	226	219
254	227	218
255	228	217
256	228	216
257	229	215
258	230	214
259	230	213
260	231	211
261	232	210
262	232	209
263	233	208
264	234	207
265	234	206
266	235	205
267	236	204
268	236	203
269	237	202
270	238	201
271	238	200
272	239	199
273	240	198
274	241	197
275	242	196
276	243	195
277	243	194
278	244	193
279	245	193
280	246	192
281	247	191
282	248	190
283	249	189
284	249	188
285	250	187
286	251	186
287	252	185
288	253	185
289	254	184
290	254	182
291	255	182
292	256	181
293	257	180
294	258	179
295	258	178
296	259296	2297	260297	261	177
298	262	176
299	263	175
300	264	174
301	265	173
302	265	172
303	266	171
304	2305	267305	2306	268306	2307	269	167
308	270308	271	167
309	2310	272310	2311	273311	2312	273312	2313	275313	2314	275314	2315	276315	2316	277316	2317	277317	2318	278318	280	159
319	281	158
320	281	157
321	282	156
322	283	155
323	283	154
324	284	153
325	285	152
326	286	151
327	286	150
328	287	149
329	289	148
330	289	147
331	290	146
332	290	145
333	2334	291334	292	144
335	293	143
336	294	142
337	295	141
338	296	140
339	296	139
340	2341	297341	298	137
342	299	137
343	300	136
344	3345	301345	3346	302	133
347	303347	3348	305	132
349	306	131
350	307	130
351	307	129
352	308	128
353	309	127
354	310	126
355	311	125
356	312	125
357	312	124
358	313	123
359	314	122
360	315	121
361	316	120
362	316362	3363	317363	3364	317364	3365	318	116
366	319366	3367	320367	3368	322	114
369	322	113
370	323	112
371	324	111
372	325	110
373	326	109
374	326	108
375	328	108
376	329	107
377	330	106
378	331	105
379	331	104
380	332	103
381	333	102
382	333382	3383	334383	335	101
384	336	100
385	337	99
386	338	98
387	338	97
388	339	96
389	340	95
390	340	94
391	341	94
392	342	93
393	343	92
394	344	91
395	345	90
396	345	89
397	346	88
398	347	87
399	348	87
400	348	86
401	349	85
402	350	84
403	351	83
404	352	82
405	354	81
406	354	81
407	355	80
408	356	79
409	356	78
410	357	77
411	358	76
412	358	75
413	359	74
414	360	73
415	360	72
416	361	71
417	362	71
418	363	70
419	363	69
420	364	68
421	422	365422	423	365423	424	366424	425	367425	426	368	62
427	369	62
428	370	61
429	371	60
430	372	59
431	373	58
432	374	57
433	375	57
434	375	56
435	376	55
436	377	54
437	378	53
438	379	52
439	379	51
440	380	50
441	381	50
442	383	49
443	384	48
444	385	47
445	385	46
446	386	45
447	387	44
448	388	44
449	389	43
450	389	42
451	390	41
452	391	40
453	392	39
454	393	38
455	394	38
456	394	37
457	395	36
458	395	35
459	396	34
460	396	33
461	398	32
462	399	31
463	400	31
464	401	30
465	402	29
466	402	28
467	403	27
468	404	26
469	405	25
470	406	25
471	407	24
472	408	23
473	409	22
474	410	21
475	411	20
476	411	19
477	412	18
478	413	18
479	413	17
480	414	16
481	414	15
482	415	14
483	416	13
484	417	12
485	418	12
486	419	11
487	420	10
488	421	9
489	422	8
490	423	7
491	423	6
492	424	6
493	425	5
494	426	4
495	427	3
496	427	2
497	428	1
498	429	0
499	430	0
	428	0
0
499	438	0
1
498	433	0
499	433	0
